AVERAGE CLASSROOM TEACHER SALARY ,,,,,,,,,,,,,,,,,,,,,,,,,,,,,,,,,,,,,
1989-90 THROUGH 2024-25,,,,,,,,,,,,,,,,,,,,,,,,,,,,,,,,,,,,,
,,,,,,,,,,,,,,,,,,,,,,,,,,,,,,,,,,,,,
Dist No,District name,1989-90,1990-91,1991-92,1992-93,1993-94,1994-95,1995-96,1996-97,1997-98,1998-99,1999-00,2000-01,2001-02, 2002-03 , 2003-04 ,2004-05,2005-06,2006-07,2007-08,2008-09,2009-10,2010-11,2011-12,2012-13,2013-14,2014-15,2015-16,2016-17,2017-18,2018-19,2019-20,2020-21,2021-22,2022-23,2023-24,2024-25
001,ADAIR ,"$25,779 ","$27,714 ","$30,002 ","$30,069 ","$29,819 ","$30,971 ","$31,371 ","$32,233 ","$32,303 ","$33,258 ","$33,943 ","$35,444 ","$36,174 ","$37,104","$37,919","$38,923 ","$40,576 ","$41,810 ","$45,964","$47,482","$48,009 ","$47,874 ","$48,053","$48,068","$47,499","$47,525","$47,999 ","$47,775 ","$50,925","$51,127","$50,685","$51,120","$50,610","$53,609","$53,316","$54,377"
005,ALLEN ,"$25,480 ","$27,825 ","$29,139 ","$29,645 ","$30,635 ","$31,410 ","$31,770 ","$32,364 ","$33,445 ","$34,628 ","$35,876 ","$36,312 ","$38,106 ","$38,331","$39,540","$40,941 ","$41,869 ","$42,610 ","$46,148","$46,602","$47,504 ","$46,385 ","$46,735","$47,504","$48,294","$48,651","$50,109 ","$49,742 ","$49,817","$49,990","$50,617","$52,210","$52,639","$52,625","$53,942","$56,471"
006,ANCHORAGE,"$28,736 ","$31,003 ","$32,966 ","$34,826 ","$34,901 ","$36,072 ","$36,410 ","$36,854 ","$38,196 ","$40,031 ","$42,778 ","$43,518 ","$44,692 ","$47,635","$50,196","$52,606 ","$54,529 ","$56,295 ","$59,022","$59,157","$58,572 ","$60,859 ","$60,590","$62,174","$62,062","$62,633","$61,594 ","$63,083 ","$62,491","$67,488","$68,644","$68,151","$71,634","$73,766","$78,052","$77,086"
011,ANDERSON ,"$24,692 ","$27,390 ","$29,186 ","$29,901 ","$30,513 ","$31,309 ","$31,977 ","$32,711 ","$33,653 ","$34,003 ","$33,976 ","$34,254 ","$35,516 ","$36,464","$37,294","$38,559 ","$39,489 ","$41,732 ","$45,002","$46,263","$47,359 ","$46,501 ","$46,427","$46,671","$46,782","$47,098","$48,471 ","$48,122 ","$48,517","$49,381","$49,769","$51,073","$51,342","$52,551","$54,636","$56,853"
012,ASHLAND,"$27,422 ","$30,155 ","$31,395 ","$31,792 ","$32,745 ","$33,207 ","$33,117 ","$34,216 ","$34,746 ","$36,236 ","$36,775 ","$38,193 ","$39,196 ","$39,913","$41,535","$43,106 ","$44,472 ","$45,984 ","$49,977","$49,723","$50,613 ","$49,114 ","$49,168","$49,780","$49,515","$49,668","$50,265 ","$50,203 ","$49,313","$48,992","$49,741","$50,508","$51,027","$51,083","$52,141","$54,359"
013,AUGUSTA,"$24,111 ","$27,017 ","$28,967 ","$28,930 ","$28,217 ","$28,173 ","$28,944 ","$29,465 ","$29,022 ","$30,969 ","$31,546 ","$35,413 ","$32,106 ","$31,274","$30,235","$31,681 ","$33,508 ","$32,853 ","$37,555","$38,394","$40,409 ","$40,107 ","$38,070","$38,783","$39,295","$41,508","$41,743 ","$42,540 ","$43,806","$44,756","$44,472","$44,796","$45,624","$47,275","$46,655","$48,923"
015,BALLARD ,"$25,795 ","$28,074 ","$29,267 ","$28,958 ","$29,336 ","$30,870 ","$31,545 ","$32,757 ","$33,223 ","$33,158 ","$33,772 ","$34,425 ","$35,915 ","$36,865","$38,387","$38,943 ","$39,136 ","$39,543 ","$43,588","$44,504","$45,839 ","$45,107 ","$44,895","$45,553","$45,296","$45,948","$47,119 ","$47,502 ","$46,667","$46,500","$46,740","$48,234","$49,391","$49,572","$51,472","$53,780"
016,BARBOURVILLE,"$23,219 ","$25,851 ","$27,880 ","$28,735 ","$29,761 ","$31,014 ","$31,055 ","$32,440 ","$34,390 ","$34,858 ","$36,094 ","$36,815 ","$36,358 ","$36,186","$38,854","$39,913 ","$42,585 ","$42,614 ","$46,978","$47,966","$47,434 ","$47,434 ","$46,490","$47,574","$47,438","$48,363","$50,030 ","$49,465 ","$48,437","$48,987","$48,020","$48,824","$47,766","$49,846","$50,461","$52,940"
017,BARDSTOWN,"$26,715 ","$29,315 ","$30,897 ","$30,599 ","$31,454 ","$32,982 ","$33,464 ","$34,365 ","$33,966 ","$34,705 ","$35,794 ","$38,269 ","$40,691 ","$42,038","$43,003","$44,409 ","$46,685 ","$47,941 ","$51,327","$51,795","$52,364 ","$52,080 ","$53,365","$53,928","$55,076","$55,715","$57,248 ","$57,372 ","$58,382","$59,270","$60,516","$62,162","$63,184","$64,552","$64,242","$66,722"
021,BARREN ,"$25,032 ","$28,179 ","$30,288 ","$30,653 ","$30,635 ","$31,223 ","$31,538 ","$32,064 ","$33,075 ","$34,435 ","$35,107 ","$35,671 ","$36,614 ","$37,582","$38,685","$40,899 ","$42,346 ","$42,756 ","$46,433","$46,940","$47,513 ","$47,072 ","$47,612","$48,117","$48,728","$49,987","$50,812 ","$50,971 ","$50,788","$50,361","$50,458","$51,192","$51,917","$53,546","$56,038","$59,863"
025,BATH ,"$25,768 ","$28,081 ","$29,615 ","$29,383 ","$30,023 ","$30,137 ","$30,011 ","$31,354 ","$30,789 ","$31,965 ","$31,966 ","$33,533 ","$34,767 ","$36,065","$36,923","$37,348 ","$39,533 ","$40,477 ","$44,360","$44,469","$45,369 ","$43,953 ","$44,610","$44,978","$45,859","$46,878","$47,866 ","$48,553 ","$48,632","$49,352","$49,438","$50,015","$48,116","$48,841","$49,776","$52,646"
026,BEECHWOOD,"$26,675 ","$28,433 ","$29,353 ","$28,979 ","$29,542 ","$29,195 ","$30,437 ","$31,834 ","$34,071 ","$36,034 ","$35,528 ","$36,998 ","$38,459 ","$39,857","$41,782","$42,088 ","$43,933 ","$44,839 ","$48,587","$49,073","$49,529 ","$48,287 ","$48,697","$48,661","$49,497","$50,900","$52,874 ","$53,589 ","$54,359","$55,000","$55,940","$57,150","$57,126","$57,023","$58,225","$60,867"
031,BELL ,"$25,188 ","$29,650 ","$31,701 ","$31,787 ","$32,040 ","$32,205 ","$33,197 ","$33,700 ","$32,860 ","$33,346 ","$34,761 ","$34,553 ","$36,097 ","$36,250","$37,405","$39,068 ","$40,902 ","$42,366 ","$46,111","$47,569","$48,689 ","$48,394 ","$47,815","$47,709","$47,616","$47,805","$48,261 ","$48,715 ","$49,144","$48,612","$49,027","$50,147","$50,200","$52,225","$54,286","$56,641"
032,BELLEVUE,"$26,827 ","$28,784 ","$30,317 ","$30,997 ","$31,854 ","$32,928 ","$33,137 ","$34,650 ","$34,446 ","$32,724 ","$34,291 ","$33,918 ","$34,927 ","$35,275","$37,542","$39,169 ","$41,060 ","$43,158 ","$46,428","$46,102","$45,457 ","$44,449 ","$44,771","$44,927","$45,480","$46,493","$47,220 ","$48,276 ","$48,129","$47,208","$47,791","$47,372","$47,632","$51,721","$52,215","$55,159"
034,BEREA,"$25,777 ","$27,930 ","$29,364 ","$29,611 ","$30,810 ","$30,982 ","$31,817 ","$32,011 ","$32,280 ","$33,905 ","$34,295 ","$36,339 ","$37,250 ","$37,669","$39,239","$38,957 ","$40,075 ","$41,628 ","$45,017","$46,500","$47,539 ","$46,416 ","$47,423","$46,921","$47,197","$47,541","$49,245 ","$49,608 ","$50,667","$50,454","$50,973","$52,146","$54,274","$55,506","$57,553","$60,631"
035,BOONE ,"$27,141 ","$29,687 ","$31,394 ","$31,595 ","$32,608 ","$32,319 ","$33,790 ","$34,687 ","$35,801 ","$35,303 ","$37,073 ","$38,002 ","$39,398 ","$40,117","$41,438","$42,429 ","$43,425 ","$44,960 ","$48,181","$48,670","$49,674 ","$49,547 ","$50,248","$50,448","$50,947","$51,295","$52,201 ","$52,927 ","$53,681","$54,749","$55,585","$56,347","$57,535","$59,765","$61,881","$65,149"
041,BOURBON ,"$26,198 ","$28,852 ","$31,573 ","$31,286 ","$31,886 ","$32,217 ","$32,569 ","$33,708 ","$35,521 ","$35,649 ","$36,574 ","$37,096 ","$37,593 ","$36,976","$39,008","$40,002 ","$41,358 ","$42,189 ","$45,892","$46,043","$46,110 ","$45,152 ","$45,492","$45,985","$45,978","$45,360","$46,495 ","$46,618 ","$46,870","$46,894","$47,954","$48,018","$50,449","$51,897","$52,164","$54,444"
042,BOWLING GREEN,"$26,626 ","$29,470 ","$31,526 ","$31,666 ","$32,190 ","$32,876 ","$33,454 ","$34,344 ","$34,924 ","$35,181 ","$35,460 ","$36,117 ","$37,423 ","$38,534","$40,387","$41,690 ","$42,963 ","$43,815 ","$47,259","$47,923","$48,630 ","$47,505 ","$48,188","$48,517","$48,468","$48,898","$50,142 ","$49,797 ","$49,824","$50,918","$51,552","$52,755","$53,782","$54,727","$57,141","$60,213"
045,BOYD ,"$26,338 ","$29,671 ","$31,408 ","$32,026 ","$33,006 ","$33,434 ","$33,472 ","$34,823 ","$35,819 ","$36,593 ","$36,898 ","$37,064 ","$37,812 ","$39,017","$39,005","$40,054 ","$41,007 ","$42,467 ","$46,112","$47,075","$47,834 ","$47,309 ","$47,257","$46,948","$47,447","$46,518","$47,840 ","$46,979 ","$48,507","$49,970","$50,301","$51,477","$52,462","$54,762","$56,577","$58,095"
051,BOYLE ,"$25,540 ","$28,246 ","$30,259 ","$30,538 ","$31,266 ","$31,641 ","$32,319 ","$32,966 ","$34,425 ","$35,524 ","$36,187 ","$36,916 ","$37,847 ","$39,224","$40,019","$41,261 ","$42,517 ","$43,417 ","$47,655","$48,637","$49,223 ","$48,887 ","$48,563","$49,041","$49,127","$49,159","$49,998 ","$49,663 ","$50,552","$50,997","$52,595","$52,386","$55,179","$58,640","$58,746","$61,396"
055,BRACKEN ,"$26,408 ","$28,845 ","$29,733 ","$29,723 ","$29,843 ","$30,258 ","$31,162 ","$32,038 ","$34,296 ","$35,437 ","$36,036 ","$37,136 ","$37,491 ","$37,344","$38,918","$39,859 ","$41,831 ","$42,001 ","$45,570","$46,312","$47,345 ","$46,030 ","$46,857","$46,466","$47,643","$47,485","$48,892 ","$47,891 ","$47,700","$49,455","$49,086","$50,349","$49,056","$50,262","$50,937","$54,158"
061,BREATHITT ,"$24,965 ","$28,680 ","$31,059 ","$31,421 ","$32,760 ","$33,484 ","$34,177 ","$35,295 ","$34,085 ","$35,380 ","$35,506 ","$36,643 ","$38,148 ","$39,472","$40,720","$41,911 ","$43,013 ","$43,933 ","$48,185","$48,464","$49,268 ","$50,142 ","$51,526","$51,607","$52,493","$52,909","$53,339 ","$53,315 ","$53,044","$52,867","$53,430","$52,951","$51,384","$51,611","$53,495","$54,162"
065,BRECKINRIDGE ,"$25,732 ","$28,017 ","$30,207 ","$30,447 ","$31,827 ","$32,265 ","$33,191 ","$34,067 ","$34,170 ","$35,642 ","$36,673 ","$37,994 ","$38,793 ","$39,408","$40,894","$42,030 ","$42,932 ","$43,492 ","$46,593","$46,999","$46,850 ","$45,683 ","$46,386","$46,686","$47,294","$48,314","$49,752 ","$50,600 ","$51,503","$50,987","$51,853","$52,664","$52,352","$55,548","$54,972","$55,926"
071,BULLITT ,"$25,783 ","$28,649 ","$29,955 ","$30,007 ","$31,504 ","$34,529 ","$34,556 ","$35,679 ","$35,434 ","$38,504 ","$39,586 ","$40,178 ","$40,849 ","$41,583","$43,149","$44,608 ","$45,161 ","$45,768 ","$49,656","$49,955","$50,494 ","$49,843 ","$49,954","$49,896","$50,414","$51,707","$52,446 ","$53,115 ","$54,428","$54,721","$55,031","$56,808","$58,140","$59,909","$61,010","$64,554"
072,BURGIN,"$24,439 ","$26,727 ","$28,739 ","$29,292 ","$28,827 ","$28,536 ","$28,323 ","$29,333 ","$29,562 ","$28,448 ","$28,982 ","$29,000 ","$29,071 ","$30,494","$31,313","$32,526 ","$33,590 ","$36,066 ","$40,921","$41,227","$41,767 ","$42,737 ","$43,395","$43,915","$44,390","$43,711","$44,891 ","$45,248 ","$46,554","$46,601","$47,140","$49,402","$50,201","$52,437","$53,387","$53,459"
075,BUTLER ,"$23,868 ","$27,699 ","$28,877 ","$29,149 ","$29,287 ","$30,488 ","$31,037 ","$32,033 ","$33,345 ","$34,480 ","$35,549 ","$37,044 ","$37,875 ","$39,253","$41,181","$42,227 ","$43,313 ","$44,211 ","$47,082","$47,885","$48,652 ","$47,606 ","$47,937","$48,252","$47,738","$48,156","$48,738 ","$47,751 ","$48,439","$48,070","$48,991","$48,937","$48,480","$51,403","$53,606","$55,193"
081,CALDWELL ,"$25,941 ","$28,311 ","$29,960 ","$29,856 ","$30,577 ","$30,166 ","$30,126 ","$31,075 ","$31,438 ","$33,083 ","$34,580 ","$35,869 ","$37,252 ","$37,891","$39,366","$40,537 ","$41,614 ","$42,684 ","$46,264","$46,257","$47,148 ","$46,382 ","$46,222","$46,380","$46,722","$46,451","$47,177 ","$47,241 ","$47,624","$48,439","$49,107","$50,550","$50,528","$51,855","$52,883","$54,057"
085,CALLOWAY ,"$25,843 ","$28,981 ","$30,556 ","$30,998 ","$31,512 ","$32,292 ","$33,236 ","$33,765 ","$35,180 ","$36,018 ","$36,823 ","$37,633 ","$39,092 ","$39,923","$40,807","$41,868 ","$42,746 ","$43,482 ","$46,700","$47,988","$48,625 ","$48,270 ","$47,900","$48,293","$49,625","$51,028","$52,205 ","$51,890 ","$52,248","$52,361","$53,532","$55,133","$54,919","$55,861","$56,724","$58,971"
091,CAMPBELL ,"$26,782 ","$29,289 ","$30,871 ","$31,013 ","$31,105 ","$31,779 ","$32,081 ","$32,370 ","$31,857 ","$32,744 ","$33,861 ","$35,067 ","$35,464 ","$36,741","$37,465","$39,152 ","$40,736 ","$43,104 ","$46,409","$47,026","$47,412 ","$47,265 ","$47,853","$48,383","$49,318","$49,830","$50,919 ","$50,657 ","$52,177","$53,187","$54,325","$54,725","$55,529","$56,117","$59,083","$61,435"
092,CAMPBELLSVILLE,"$24,523 ","$26,959 ","$29,015 ","$29,150 ","$29,633 ","$30,672 ","$31,001 ","$32,724 ","$33,894 ","$34,165 ","$34,567 ","$35,229 ","$37,159 ","$37,515","$38,178","$39,194 ","$40,299 ","$41,759 ","$45,424","$46,610","$47,592 ","$45,466 ","$46,350","$46,893","$45,944","$47,364","$48,680 ","$49,156 ","$50,374","$50,342","$50,123","$51,613","$51,630","$52,126","$53,192","$55,961"
095,CARLISLE ,"$25,699 ","$28,354 ","$29,266 ","$28,718 ","$29,161 ","$28,942 ","$30,810 ","$31,962 ","$32,372 ","$33,635 ","$33,863 ","$34,933 ","$36,082 ","$36,363","$36,636","$37,668 ","$37,785 ","$37,956 ","$42,055","$41,779","$42,131 ","$42,030 ","$41,920","$41,813","$42,291","$42,908","$44,424 ","$45,052 ","$46,067","$46,402","$46,314","$47,761","$48,262","$48,966","$50,318","$50,579"
101,CARROLL ,"$26,329 ","$30,095 ","$31,367 ","$32,470 ","$32,932 ","$33,028 ","$34,039 ","$34,502 ","$35,460 ","$35,523 ","$36,395 ","$37,832 ","$39,646 ","$41,560","$41,223","$42,952 ","$43,525 ","$45,087 ","$48,204","$47,185","$47,024 ","$46,019 ","$46,455","$47,025","$47,038","$47,940","$48,260 ","$48,429 ","$47,835","$49,139","$50,311","$51,782","$52,085","$52,569","$55,062","$58,988"
105,CARTER ,"$24,258 ","$27,719 ","$30,028 ","$31,010 ","$31,206 ","$32,612 ","$31,950 ","$32,843 ","$32,846 ","$34,085 ","$34,886 ","$35,356 ","$36,392 ","$36,891","$37,544","$38,812 ","$40,055 ","$40,917 ","$44,272","$45,161","$45,783 ","$45,084 ","$45,411","$45,558","$45,798","$47,125","$47,888 ","$47,870 ","$48,294","$49,436","$49,978","$50,713","$51,747","$53,156","$54,622","$56,812"
111,CASEY ,"$24,158 ","$26,058 ","$28,488 ","$28,595 ","$28,727 ","$30,583 ","$30,747 ","$32,004 ","$32,791 ","$34,387 ","$35,592 ","$36,208 ","$37,020 ","$37,824","$39,382","$40,312 ","$41,409 ","$42,228 ","$45,218","$45,669","$46,609 ","$46,338 ","$46,651","$46,881","$46,905","$46,920","$47,807 ","$46,812 ","$47,350","$46,962","$47,829","$48,959","$49,867","$50,318","$51,260","$53,402"
113,CAVERNA,"$24,529 ","$26,919 ","$28,973 ","$29,668 ","$29,740 ","$30,934 ","$31,078 ","$32,101 ","$32,647 ","$33,442 ","$33,587 ","$35,220 ","$37,141 ","$38,005","$39,317","$40,683 ","$40,531 ","$41,852 ","$44,819","$46,630","$48,595 ","$48,117 ","$48,678","$49,250","$49,255","$49,375","$51,116 ","$49,910 ","$50,668","$50,233","$50,853","$51,451","$54,070","$55,174","$54,931","$57,080"
115,CHRISTIAN ,"$26,174 ","$28,776 ","$30,045 ","$30,058 ","$29,894 ","$31,016 ","$32,045 ","$32,603 ","$33,273 ","$35,061 ","$35,269 ","$36,512 ","$37,259 ","$38,070","$39,297","$40,121 ","$41,255 ","$42,095 ","$44,716","$45,488","$45,909 ","$45,505 ","$46,249","$46,733","$47,403","$46,929","$48,307 ","$48,148 ","$48,347","$47,948","$48,314","$48,317","$47,640","$48,291","$48,701","$50,979"
121,CLARK ,"$25,379 ","$28,004 ","$29,934 ","$30,235 ","$31,192 ","$31,870 ","$32,901 ","$33,791 ","$34,713 ","$35,579 ","$35,943 ","$36,752 ","$37,432 ","$38,380","$39,013","$39,458 ","$40,705 ","$41,327 ","$45,048","$45,269","$45,575 ","$45,757 ","$45,964","$46,590","$45,845","$46,719","$46,640 ","$47,930 ","$49,542","$50,372","$50,552","$51,006","$49,197","$51,933","$52,784","$56,457"
125,CLAY ,"$25,341 ","$29,100 ","$29,848 ","$29,705 ","$29,333 ","$30,432 ","$31,432 ","$32,413 ","$33,038 ","$33,835 ","$34,378 ","$35,596 ","$36,614 ","$37,413","$39,009","$40,404 ","$42,227 ","$44,169 ","$48,298","$48,576","$48,907 ","$48,026 ","$48,086","$48,105","$47,562","$48,047","$48,834 ","$48,939 ","$48,882","$48,578","$49,741","$50,017","$50,314","$51,507","$52,471","$55,217"
131,CLINTON ,"$24,749 ","$28,488 ","$30,548 ","$30,572 ","$30,316 ","$31,222 ","$31,070 ","$32,047 ","$32,939 ","$34,111 ","$34,110 ","$35,396 ","$36,953 ","$37,933","$39,449","$40,637 ","$42,018 ","$43,173 ","$46,916","$47,201","$47,272 ","$46,787 ","$47,425","$47,030","$47,589","$48,137","$49,117 ","$49,316 ","$48,243","$48,403","$49,005","$49,005","$48,877","$49,258","$50,835","$51,160"
132,CLOVERPORT,"$23,735 ","$26,608 ","$27,283 ","$28,068 ","$28,148 ","$28,824 ","$30,037 ","$31,894 ","$32,462 ","$33,194 ","$35,239 ","$37,677 ","$35,916 ","$34,493","$34,045","$33,223 ","$36,333 ","$37,055 ","$42,278","$42,358","$41,218 ","$41,041 ","$39,119","$41,843","$40,539","$41,190","$42,675 ","$43,008 ","$43,119","$44,285","$44,361","$46,988","$46,137","$46,233","$46,599","$53,148"
133,RBIN,"$25,407 ","$28,976 ","$31,086 ","$31,768 ","$31,107 ","$31,800 ","$32,056 ","$33,047 ","$33,912 ","$34,627 ","$35,623 ","$36,317 ","$37,555 ","$38,313","$40,230","$42,225 ","$43,510 ","$44,531 ","$47,964","$48,825","$48,215 ","$46,567 ","$46,249","$46,646","$46,716","$47,631","$49,209 ","$49,384 ","$50,545","$52,006","$52,427","$54,891","$55,576","$56,569","$57,363","$60,127"
134,VINGTON,"$24,627 ","$27,803 ","$29,452 ","$30,248 ","$30,601 ","$31,157 ","$31,726 ","$32,088 ","$32,583 ","$34,844 ","$36,049 ","$36,594 ","$36,901 ","$36,788","$37,820","$39,088 ","$40,551 ","$41,284 ","$44,366","$44,966","$45,485 ","$44,064 ","$44,700","$44,754","$46,406","$46,622","$47,274 ","$47,750 ","$47,909","$48,502","$49,907","$49,564","$49,402","$51,921","$52,924","$55,424"
135,CRITTENDEN ,"$24,034 ","$26,748 ","$28,210 ","$28,174 ","$28,937 ","$30,094 ","$29,913 ","$31,072 ","$31,941 ","$33,185 ","$35,267 ","$36,107 ","$38,062 ","$38,198","$39,243","$39,646 ","$40,988 ","$41,577 ","$45,249","$46,055","$46,368 ","$45,365 ","$44,505","$45,410","$44,581","$44,916","$45,862 ","$45,941 ","$46,176","$45,864","$46,509","$47,991","$49,448","$50,894","$51,935","$52,496"
141,CUMBERLAND ,"$24,743 ","$26,646 ","$28,040 ","$28,431 ","$28,713 ","$30,058 ","$31,291 ","$32,402 ","$33,174 ","$34,043 ","$34,850 ","$34,778 ","$35,394 ","$36,614","$38,648","$39,975 ","$41,294 ","$41,785 ","$45,650","$46,756","$47,395 ","$46,127 ","$45,581","$45,757","$44,805","$44,376","$46,180 ","$46,198 ","$45,523","$45,564","$45,666","$45,303","$46,643","$48,000","$50,294","$52,914"
143,DANVILLE,"$27,022 ","$30,280 ","$31,533 ","$31,565 ","$32,008 ","$31,637 ","$32,233 ","$33,086 ","$33,978 ","$34,882 ","$35,011 ","$35,554 ","$37,841 ","$38,383","$39,850","$41,078 ","$41,015 ","$41,249 ","$44,697","$45,323","$46,489 ","$46,277 ","$45,358","$46,728","$47,426","$47,945","$49,955 ","$49,611 ","$50,642","$50,811","$50,883","$52,131","$51,911","$55,000","$55,064","$57,326"
145,DAVIESS ,"$27,905 ","$30,584 ","$31,674 ","$31,624 ","$32,119 ","$33,055 ","$33,076 ","$33,631 ","$34,051 ","$34,863 ","$35,865 ","$36,731 ","$39,032 ","$40,601","$42,056","$42,948 ","$44,333 ","$45,487 ","$49,353","$49,965","$50,751 ","$49,774 ","$49,869","$50,367","$50,541","$50,816","$52,278 ","$52,206 ","$52,810","$53,690","$54,292","$55,045","$55,105","$57,163","$58,459","$60,849"
146,DAWSON SPGS,"$25,466 ","$27,260 ","$28,975 ","$29,288 ","$30,435 ","$31,180 ","$31,234 ","$32,551 ","$34,455 ","$35,528 ","$34,832 ","$36,421 ","$36,339 ","$38,003","$40,282","$40,662 ","$40,732 ","$42,239 ","$45,804","$46,414","$47,202 ","$46,698 ","$47,117","$45,284","$46,191","$45,701","$47,032 ","$45,961 ","$45,900","$45,545","$45,599","$46,599","$44,532","$44,829","$48,578","$48,790"
147,DAYTON,"$24,920 ","$27,665 ","$29,088 ","$30,328 ","$31,225 ","$31,745 ","$33,319 ","$34,222 ","$35,967 ","$37,354 ","$38,395 ","$39,940 ","$40,152 ","$41,361","$41,993","$42,975 ","$44,501 ","$46,092 ","$49,050","$50,446","$50,536 ","$47,453 ","$47,150","$47,837","$49,346","$49,053","$49,279 ","$48,577 ","$48,797","$47,783","$49,894","$52,619","$54,725","$55,636","$57,286","$60,563"
149,E BERNSTADT,"$24,465 ","$27,631 ","$29,355 ","$29,884 ","$30,351 ","$31,736 ","$33,275 ","$34,544 ","$34,993 ","$38,647 ","$36,782 ","$36,161 ","$37,614 ","$39,339","$41,074","$43,546 ","$44,482 ","$46,570 ","$50,335","$51,116","$52,633 ","$52,615 ","$52,190","$50,516","$51,251","$52,437","$53,438 ","$52,481 ","$51,798","$51,030","$49,968","$51,784","$51,274","$53,712","$55,544","$57,060"
151,EDMONSON ,"$24,386 ","$26,752 ","$28,749 ","$29,110 ","$29,499 ","$30,689 ","$31,634 ","$32,387 ","$32,808 ","$33,834 ","$34,414 ","$35,611 ","$36,862 ","$37,298","$38,601","$39,866 ","$41,798 ","$42,745 ","$47,525","$47,750","$48,458 ","$48,410 ","$48,096","$47,663","$48,205","$48,238","$49,338 ","$49,551 ","$49,040","$49,051","$49,195","$49,873","$49,583","$49,499","$50,545","$50,720"
152,ELIZABETHTOWN,"$27,064 ","$29,389 ","$31,058 ","$30,369 ","$31,534 ","$32,782 ","$33,045 ","$33,067 ","$33,618 ","$34,327 ","$34,897 ","$36,142 ","$38,308 ","$39,234","$40,298","$42,653 ","$44,301 ","$46,342 ","$50,436","$51,228","$51,177 ","$49,632 ","$50,879","$50,921","$51,374","$51,489","$52,373 ","$53,466 ","$54,214","$54,980","$55,006","$55,785","$56,081","$55,947","$57,427","$60,341"
155,ELLIOTT ,"$23,417 ","$25,924 ","$28,373 ","$27,348 ","$28,259 ","$29,639 ","$29,738 ","$31,303 ","$33,087 ","$33,547 ","$33,361 ","$34,548 ","$35,467 ","$36,331","$37,481","$39,052 ","$39,571 ","$39,965 ","$42,915","$43,813","$44,111 ","$43,450 ","$44,143","$44,716","$45,195","$45,823","$45,951 ","$46,514 ","$45,119","$44,985","$44,759","$46,557","$46,358","$45,822","$46,731","$47,065"
156,EMINENCE,"$26,158 ","$27,782 ","$29,373 ","$30,274 ","$30,422 ","$31,362 ","$31,996 ","$33,203 ","$33,700 ","$32,709 ","$33,369 ","$32,950 ","$35,083 ","$36,832","$37,960","$39,983 ","$40,933 ","$42,247 ","$46,412","$45,939","$45,871 ","$44,645 ","$44,740","$45,677","$44,637","$44,210","$44,099 ","$43,888 ","$44,474","$44,869","$44,722","$45,931","$48,184","$48,215","$48,451","$48,621"
157,ERLANGER,"$24,740 ","$26,537 ","$28,510 ","$28,843 ","$29,619 ","$30,391 ","$31,169 ","$32,273 ","$33,024 ","$35,310 ","$35,125 ","$36,335 ","$36,171 ","$37,197","$37,977","$41,045 ","$42,080 ","$42,726 ","$46,286","$46,923","$47,332 ","$45,964 ","$46,603","$47,452","$46,786","$47,618","$47,646 ","$47,511 ","$48,658","$47,753","$48,726","$49,923","$50,976","$52,748","$57,505","$58,211"
161,ESTILL ,"$24,141 ","$26,288 ","$28,800 ","$30,019 ","$30,579 ","$31,569 ","$32,295 ","$33,499 ","$33,442 ","$34,954 ","$35,654 ","$36,441 ","$37,557 ","$38,713","$40,220","$41,759 ","$42,806 ","$43,900 ","$46,738","$47,657","$48,179 ","$47,553 ","$48,995","$48,705","$49,700","$49,827","$49,873 ","$49,511 ","$50,267","$50,111","$50,740","$50,661","$50,508","$51,433","$51,792","$52,286"
162,FAIRVIEW,"$25,692 ","$28,306 ","$29,715 ","$29,504 ","$30,188 ","$30,459 ","$31,495 ","$31,618 ","$32,336 ","$33,903 ","$34,391 ","$34,186 ","$34,774 ","$35,262","$36,638","$36,146 ","$37,541 ","$38,824 ","$43,351","$44,598","$46,455 ","$44,493 ","$44,320","$43,738","$43,892","$44,431","$46,443 ","$45,683 ","$45,405","$46,529","$46,136","$46,063","$48,564","$48,624","$49,482","$52,227"
165,FAYETTE ,"$30,380 ","$33,404 ","$34,379 ","$34,615 ","$34,896 ","$35,227 ","$35,129 ","$35,405 ","$36,293 ","$36,967 ","$37,054 ","$37,859 ","$40,252 ","$41,059","$41,983","$42,923 ","$43,957 ","$44,721 ","$48,374","$49,269","$51,114 ","$52,573 ","$54,842","$56,766","$57,403","$57,458","$58,385 ","$58,915 ","$59,777","$60,235","$60,743","$61,507","$62,634","$64,725","$70,988","$72,039"
171,FLEMING ,"$25,641 ","$28,974 ","$30,636 ","$30,310 ","$31,103 ","$32,069 ","$32,698 ","$33,471 ","$33,628 ","$34,127 ","$35,018 ","$36,149 ","$36,656 ","$37,693","$38,748","$39,282 ","$40,371 ","$41,539 ","$44,909","$45,590","$46,173 ","$46,273 ","$46,736","$47,294","$48,235","$48,863","$49,046 ","$47,921 ","$47,206","$47,481","$47,517","$47,775","$48,635","$48,413","$49,730","$50,792"
175,FLOYD ,"$24,121 ","$28,309 ","$31,514 ","$30,984 ","$30,892 ","$31,740 ","$31,957 ","$33,000 ","$33,474 ","$34,197 ","$35,339 ","$35,443 ","$36,290 ","$37,518","$38,654","$39,900 ","$41,215 ","$43,103 ","$47,224","$46,972","$47,320 ","$47,208 ","$46,874","$47,523","$48,005","$48,893","$49,859 ","$49,538 ","$49,579","$49,550","$49,558","$49,400","$50,218","$51,095","$51,136","$52,689"
176,FT THOMAS,"$28,680 ","$30,836 ","$32,642 ","$33,666 ","$33,706 ","$34,445 ","$34,877 ","$34,859 ","$35,834 ","$36,332 ","$37,305 ","$37,894 ","$39,061 ","$39,717","$43,994","$47,497 ","$49,569 ","$51,115 ","$54,912","$55,692","$56,000 ","$54,773 ","$55,327","$56,305","$57,399","$58,740","$60,147 ","$60,348 ","$61,160","$62,217","$62,598","$65,517","$66,142","$66,155","$68,271","$70,954"
177,FRANKFORT,"$26,053 ","$28,955 ","$29,499 ","$29,728 ","$29,589 ","$29,676 ","$29,735 ","$31,176 ","$32,346 ","$33,889 ","$36,198 ","$36,854 ","$37,706 ","$37,818","$39,079","$40,081 ","$42,033 ","$41,843 ","$45,954","$46,881","$46,949 ","$45,438 ","$44,423","$43,167","$44,093","$45,330","$45,055 ","$45,565 ","$46,976","$46,886","$47,151","$47,812","$49,805","$52,213","$51,053","$53,829"
181,FRANKLIN ,"$25,876 ","$28,206 ","$29,203 ","$29,201 ","$29,665 ","$30,382 ","$31,042 ","$32,051 ","$32,056 ","$32,597 ","$33,597 ","$34,133 ","$34,941 ","$35,900","$37,853","$38,075 ","$39,281 ","$40,008 ","$43,677","$44,221","$45,302 ","$44,261 ","$45,489","$45,295","$46,375","$47,326","$48,873 ","$49,854 ","$50,266","$51,867","$51,418","$52,320","$53,795","$53,799","$55,258","$57,937"
185,FULTON ,"$25,621 ","$28,054 ","$30,353 ","$30,280 ","$30,432 ","$31,043 ","$31,548 ","$32,890 ","$32,687 ","$33,693 ","$35,386 ","$34,875 ","$36,314 ","$36,508","$36,101","$36,409 ","$38,173 ","$38,709 ","$42,107","$41,938","$43,506 ","$43,030 ","$43,254","$43,699","$43,179","$44,769","$45,894 ","$46,279 ","$46,429","$44,884","$46,073","$47,083","$47,306","$47,733","$48,897","$50,744"
186,FULTON,"$25,194 ","$27,232 ","$29,513 ","$29,230 ","$29,403 ","$30,020 ","$29,900 ","$30,479 ","$31,111 ","$32,595 ","$33,903 ","$35,221 ","$34,982 ","$35,960","$39,840","$39,097 ","$37,936 ","$40,608 ","$42,850","$43,413","$44,262 ","$43,759 ","$44,180","$43,113","$42,441","$44,471","$43,512 ","$43,125 ","$41,086","$43,768","$41,793","$42,579","$42,957","$44,285","$46,231","$46,210"
191,GALLATIN ,"$23,302 ","$25,480 ","$26,657 ","$26,127 ","$27,275 ","$28,162 ","$28,839 ","$29,891 ","$30,252 ","$30,600 ","$30,983 ","$31,906 ","$33,797 ","$34,636","$35,595","$36,352 ","$38,123 ","$39,094 ","$42,921","$44,463","$44,999 ","$44,940 ","$45,219","$45,065","$45,853","$46,606","$47,789 ","$47,117 ","$47,252","$47,183","$47,447","$48,647","$49,315","$50,915","$52,893","$55,438"
195,GARRARD ,"$25,154 ","$26,979 ","$28,676 ","$29,282 ","$29,559 ","$30,144 ","$31,164 ","$32,487 ","$33,071 ","$33,834 ","$34,041 ","$34,630 ","$35,394 ","$36,640","$38,111","$39,609 ","$41,375 ","$41,322 ","$45,056","$46,387","$47,164 ","$46,817 ","$47,056","$46,459","$46,873","$47,404","$47,908 ","$47,764 ","$47,871","$48,741","$48,239","$49,408","$49,216","$50,122","$51,689","$54,524"
197,GLASGOW,"$26,656 ","$29,587 ","$31,628 ","$31,616 ","$32,281 ","$33,002 ","$33,499 ","$34,626 ","$35,400 ","$36,469 ","$37,580 ","$38,326 ","$39,240 ","$40,490","$41,866","$42,881 ","$44,954 ","$45,696 ","$49,394","$50,107","$50,887 ","$49,898 ","$49,791","$50,308","$50,664","$50,830","$51,970 ","$51,605 ","$52,170","$52,559","$52,920","$53,947","$54,855","$54,743","$58,416","$61,470"
201,GRANT ,"$24,156 ","$26,778 ","$27,942 ","$28,876 ","$29,399 ","$30,217 ","$29,764 ","$31,448 ","$32,432 ","$32,421 ","$33,039 ","$34,160 ","$36,220 ","$36,690","$37,613","$39,271 ","$40,018 ","$41,784 ","$45,710","$46,519","$46,894 ","$46,339 ","$46,116","$46,883","$47,029","$47,436","$48,491 ","$48,062 ","$47,738","$48,181","$47,538","$47,984","$47,901","$48,101","$48,921","$49,450"
205,GRAVES ,"$25,895 ","$28,326 ","$29,880 ","$29,634 ","$30,256 ","$30,691 ","$31,848 ","$32,851 ","$33,497 ","$34,642 ","$35,037 ","$36,024 ","$37,194 ","$37,437","$38,843","$39,884 ","$40,967 ","$42,694 ","$46,396","$47,004","$47,697 ","$47,000 ","$47,744","$47,671","$47,575","$48,631","$49,494 ","$49,197 ","$49,510","$49,729","$49,146","$50,631","$51,663","$53,051","$53,582","$54,633"
211,GRAYSON ,"$24,971 ","$27,610 ","$29,630 ","$29,587 ","$30,425 ","$30,823 ","$32,456 ","$32,965 ","$33,569 ","$34,439 ","$35,368 ","$35,995 ","$36,723 ","$37,321","$38,357","$39,467 ","$40,964 ","$42,045 ","$45,313","$45,349","$45,364 ","$45,392 ","$46,811","$47,022","$46,970","$47,716","$49,281 ","$49,350 ","$49,357","$49,024","$48,641","$48,427","$49,352","$49,908","$52,078","$54,360"
215,GREEN ,"$25,304 ","$28,214 ","$29,583 ","$29,275 ","$29,235 ","$29,794 ","$30,809 ","$31,914 ","$32,431 ","$33,475 ","$33,285 ","$33,599 ","$34,336 ","$35,735","$37,078","$38,454 ","$38,975 ","$39,814 ","$43,530","$44,811","$45,268 ","$46,159 ","$46,933","$46,747","$46,935","$47,188","$47,283 ","$47,319 ","$47,155","$47,872","$48,189","$49,245","$49,787","$51,333","$52,457","$57,288"
221,GREENUP ,"$24,765 ","$27,527 ","$29,479 ","$29,738 ","$30,889 ","$31,587 ","$32,165 ","$32,371 ","$33,228 ","$34,385 ","$35,033 ","$35,845 ","$36,362 ","$37,150","$38,106","$38,330 ","$38,512 ","$39,169 ","$43,013","$43,665","$44,622 ","$44,652 ","$44,664","$44,622","$44,586","$45,828","$46,211 ","$47,281 ","$46,746","$47,130","$46,723","$46,914","$47,856","$49,069","$49,469","$51,063"
225,HANCK ,"$26,999 ","$29,519 ","$31,905 ","$31,026 ","$32,053 ","$31,877 ","$31,648 ","$32,208 ","$32,819 ","$33,760 ","$34,766 ","$35,645 ","$36,938 ","$38,245","$39,870","$41,273 ","$43,805 ","$44,639 ","$47,335","$47,851","$48,889 ","$47,504 ","$47,570","$47,956","$47,995","$48,606","$49,991 ","$50,244 ","$51,507","$51,508","$52,791","$54,658","$54,435","$56,322","$57,708","$58,672"
231,HARDIN ,"$25,750 ","$28,325 ","$29,922 ","$30,011 ","$30,687 ","$31,621 ","$32,163 ","$33,256 ","$33,908 ","$34,908 ","$36,591 ","$37,531 ","$38,707 ","$39,460","$41,328","$41,963 ","$43,551 ","$44,675 ","$48,555","$49,535","$49,917 ","$49,112 ","$49,145","$50,047","$50,751","$57,853","$52,329 ","$52,496 ","$52,779","$53,223","$53,896","$54,572","$55,590","$56,303","$57,421","$60,926"
235,HARLAN ,"$24,868 ","$27,935 ","$30,329 ","$30,669 ","$31,233 ","$32,053 ","$31,649 ","$32,345 ","$32,968 ","$34,233 ","$35,146 ","$35,845 ","$37,478 ","$38,610","$39,689","$41,105 ","$42,835 ","$43,211 ","$47,149","$48,207","$49,072 ","$48,466 ","$47,615","$47,942","$47,275","$46,940","$47,653 ","$47,472 ","$47,153","$47,485","$47,292","$47,245","$48,642","$50,494","$50,040","$52,802"
236,HARLAN,"$23,874 ","$27,292 ","$29,624 ","$30,258 ","$30,393 ","$31,615 ","$32,915 ","$33,427 ","$33,531 ","$33,375 ","$34,339 ","$36,206 ","$36,355 ","$37,401","$38,407","$40,171 ","$41,020 ","$42,862 ","$44,227","$45,271","$45,863 ","$44,904 ","$45,839","$46,095","$46,266","$48,165","$49,709 ","$48,342 ","$47,088","$47,017","$46,304","$48,255","$48,522","$47,969","$48,720","$54,010"
241,HARRISON ,"$24,360 ","$27,006 ","$29,155 ","$30,177 ","$30,697 ","$31,410 ","$32,085 ","$32,863 ","$33,190 ","$34,061 ","$34,739 ","$35,181 ","$35,828 ","$37,226","$38,852","$39,883 ","$41,392 ","$41,963 ","$45,704","$46,197","$46,655 ","$46,307 ","$46,867","$46,327","$46,686","$47,297","$48,374 ","$48,347 ","$49,742","$49,772","$50,856","$51,008","$51,761","$54,949","$55,386","$58,667"
242,HARRODSBURG,"$25,953 ","$27,794 ","$29,558 ","$29,419 ","$29,431 ","$30,249 ","$30,334 ","$30,400 ","$31,436 ","$31,227 ","$32,255 ","$33,456 ","$35,513 ","$37,582","$39,085","$40,933 ","$41,179 ", ,,,,,,,,,,,,,,,,,,
245,HART ,"$24,670 ","$27,131 ","$29,325 ","$29,109 ","$29,436 ","$30,811 ","$30,757 ","$32,014 ","$32,335 ","$34,037 ","$35,655 ","$36,359 ","$35,674 ","$36,489","$36,705","$38,415 ","$38,944 ","$39,722 ","$43,885","$44,935","$45,081 ","$45,813 ","$46,951","$46,554","$47,399","$48,389","$49,449 ","$49,917 ","$50,056","$49,395","$48,782","$49,759","$50,200","$50,888","$51,076","$53,292"
246,HAZARD,"$23,597 ","$26,864 ","$29,222 ","$30,861 ","$31,318 ","$32,074 ","$33,120 ","$35,016 ","$35,673 ","$36,959 ","$37,764 ","$38,590 ","$38,686 ","$40,118","$40,929","$42,105 ","$43,144 ","$44,272 ","$48,878","$49,127","$49,032 ","$47,238 ","$47,563","$46,855","$47,546","$47,377","$49,305 ","$49,584 ","$49,428","$50,781","$50,883","$51,403","$51,474","$52,754","$52,952","$55,600"
251,HENDERSON ,"$26,464 ","$29,076 ","$30,337 ","$30,641 ","$30,717 ","$31,964 ","$32,440 ","$33,503 ","$34,110 ","$33,978 ","$34,626 ","$35,628 ","$36,950 ","$37,903","$40,114","$41,103 ","$42,507 ","$42,513 ","$46,787","$46,192","$46,934 ","$46,424 ","$45,526","$46,172","$46,061","$46,687","$48,219 ","$48,672 ","$48,421","$49,307","$50,143","$51,250","$52,221","$54,733","$55,719","$57,307"
255,HENRY ,"$24,487 ","$27,065 ","$29,765 ","$29,831 ","$30,150 ","$31,481 ","$31,796 ","$33,030 ","$34,464 ","$35,848 ","$36,772 ","$37,019 ","$38,249 ","$39,513","$40,722","$42,044 ","$43,463 ","$43,603 ","$46,544","$46,734","$46,830 ","$44,683 ","$45,601","$46,128","$46,216","$47,254","$48,659 ","$48,170 ","$47,442","$48,049","$49,030","$49,647","$50,986","$51,164","$52,841","$54,460"
261,HICKMAN ,"$24,700 ","$26,891 ","$29,505 ","$30,382 ","$30,739 ","$30,951 ","$31,599 ","$32,104 ","$33,819 ","$34,992 ","$35,833 ","$36,734 ","$37,658 ","$37,719","$38,680","$38,589 ","$39,749 ","$40,649 ","$44,693","$44,539","$45,050 ","$43,951 ","$45,034","$45,823","$45,859","$46,245","$47,750 ","$47,668 ","$47,484","$46,701","$48,856","$49,610","$49,372","$49,352","$50,906","$51,210"
265,HOPKINS ,"$25,739 ","$28,656 ","$30,141 ","$30,302 ","$30,476 ","$31,540 ","$31,809 ","$32,529 ","$33,166 ","$33,672 ","$34,345 ","$35,382 ","$36,172 ","$37,263","$38,077","$39,328 ","$40,057 ","$40,491 ","$44,186","$44,281","$44,603 ","$43,735 ","$43,998","$44,579","$45,344","$46,209","$46,672 ","$46,469 ","$46,784","$46,945","$47,779","$48,835","$48,434","$50,337","$51,969","$55,050"
271,JACKSON ,"$23,511 ","$27,043 ","$28,502 ","$28,789 ","$30,936 ","$31,866 ","$32,781 ","$33,017 ","$32,998 ","$34,235 ","$35,439 ","$36,022 ","$36,710 ","$38,179","$39,909","$40,974 ","$42,413 ","$43,303 ","$47,447","$48,113","$48,012 ","$49,130 ","$48,733","$48,659","$49,165","$48,773","$49,370 ","$49,502 ","$49,525","$49,592","$49,970","$49,582","$49,160","$52,071","$51,560","$55,884"
272,JACKSON,"$24,177 ","$26,660 ","$26,658 ","$26,362 ","$28,143 ","$29,860 ","$30,243 ","$34,625 ","$31,601 ","$34,795 ","$35,360 ","$33,039 ","$34,812 ","$35,040","$36,070","$37,738 ","$40,743 ","$43,681 ","$47,687","$49,638","$48,877 ","$47,894 ","$48,646","$48,997","$48,782","$49,583","$50,660 ","$49,910 ","$49,986","$49,875","$48,176","$51,366","$55,015","$53,400","$54,196","$54,947"
275,JEFFERSON ,"$29,267 ","$31,971 ","$33,589 ","$33,557 ","$34,261 ","$35,391 ","$35,795 ","$36,448 ","$37,162 ","$38,843 ","$40,311 ","$41,914 ","$44,052 ","$45,701","$46,776","$47,959 ","$49,399 ","$51,287 ","$54,150","$55,087","$55,689 ","$56,129 ","$59,496","$60,029","$59,914","$60,307","$61,944 ","$62,225 ","$63,392","$64,279","$65,062","$65,216","$65,710","$69,140","$73,008","$74,577"
276,JENKINS,"$23,805 ","$27,899 ","$30,537 ","$31,488 ","$32,049 ","$31,209 ","$31,344 ","$32,490 ","$32,768 ","$34,135 ","$34,782 ","$35,126 ","$35,016 ","$35,446","$36,886","$38,933 ","$38,428 ","$38,580 ","$42,578","$43,619","$44,201 ","$43,328 ","$42,997","$42,110","$43,261","$44,475","$45,501 ","$45,885 ","$47,588","$47,572","$47,575","$49,493","$48,439","$48,242","$48,492","$52,949"
281,JESSAMINE ,"$24,407 ","$27,706 ","$29,160 ","$29,046 ","$29,765 ","$30,358 ","$30,747 ","$31,743 ","$32,493 ","$33,050 ","$34,008 ","$34,592 ","$36,227 ","$37,000","$38,127","$39,215 ","$39,983 ","$40,616 ","$43,780","$44,449","$45,295 ","$44,567 ","$45,651","$46,119","$45,604","$46,429","$48,142 ","$48,070 ","$48,071","$48,698","$50,362","$52,235","$53,450","$55,504","$59,132","$60,406"
285,JOHNSON ,"$24,442 ","$27,386 ","$29,502 ","$29,843 ","$29,672 ","$30,930 ","$32,030 ","$33,110 ","$34,482 ","$35,512 ","$36,236 ","$37,282 ","$38,305 ","$38,822","$40,573","$41,910 ","$43,465 ","$44,235 ","$48,048","$47,785","$49,019 ","$49,337 ","$48,939","$49,425","$49,465","$50,164","$51,557 ","$51,187 ","$51,270","$51,743","$52,574","$52,765","$52,318","$53,385","$53,180","$55,264"
291,KENTON ,"$26,109 ","$28,707 ","$30,321 ","$31,545 ","$32,365 ","$33,454 ","$33,665 ","$34,146 ","$34,927 ","$35,516 ","$36,146 ","$37,553 ","$39,441 ","$40,638","$41,857","$43,424 ","$44,605 ","$45,195 ","$48,327","$49,264","$49,342 ","$48,823 ","$49,312","$50,562","$51,541","$52,457","$53,337 ","$54,034 ","$54,693","$55,090","$56,062","$56,621","$57,168","$59,847","$61,626","$64,899"
295,KNOTT ,"$24,029 ","$27,927 ","$29,749 ","$29,477 ","$29,656 ","$31,203 ","$32,079 ","$34,028 ","$35,035 ","$35,847 ","$37,368 ","$39,188 ","$40,908 ","$42,302","$42,885","$44,830 ","$45,633 ","$47,420 ","$51,337","$51,613","$50,940 ","$49,556 ","$50,218","$49,773","$49,484","$49,957","$50,928 ","$50,809 ","$50,838","$50,000","$50,128","$49,928","$50,899","$51,470","$53,684","$56,330"
301,KNOX ,"$25,523 ","$29,410 ","$30,677 ","$31,423 ","$31,611 ","$32,456 ","$32,875 ","$34,358 ","$35,136 ","$35,766 ","$35,492 ","$36,451 ","$37,344 ","$38,041","$39,168","$39,887 ","$40,905 ","$42,109 ","$46,603","$47,693","$47,940 ","$47,016 ","$46,377","$46,537","$46,403","$46,918","$47,831 ","$47,854 ","$49,391","$49,740","$49,595","$50,429","$49,875","$51,574","$51,143","$53,393"
305,LARUE ,"$26,364 ","$29,191 ","$30,624 ","$30,012 ","$30,572 ","$30,907 ","$30,630 ","$31,579 ","$32,054 ","$32,402 ","$34,149 ","$35,742 ","$37,453 ","$38,828","$40,540","$40,948 ","$43,693 ","$44,845 ","$48,890","$49,713","$50,393 ","$49,636 ","$50,174","$50,407","$50,260","$51,514","$53,552 ","$53,672 ","$53,918","$54,646","$54,737","$56,054","$55,307","$56,561","$58,157","$61,342"
311,LAUREL ,"$24,607 ","$27,086 ","$30,002 ","$30,631 ","$31,030 ","$31,926 ","$33,242 ","$34,695 ","$35,824 ","$36,560 ","$36,972 ","$37,923 ","$38,374 ","$39,400","$40,525","$41,798 ","$43,159 ","$44,966 ","$48,494","$48,045","$49,380 ","$49,028 ","$48,911","$49,185","$49,078","$49,565","$50,526 ","$50,954 ","$51,294","$51,408","$51,248","$51,961","$52,766","$56,346","$56,846","$57,828"
315,LAWRENCE ,"$23,834 ","$26,888 ","$28,519 ","$28,791 ","$29,385 ","$29,911 ","$30,090 ","$30,934 ","$31,992 ","$33,143 ","$34,008 ","$34,662 ","$35,356 ","$36,465","$37,630","$39,656 ","$41,152 ","$41,262 ","$45,228","$45,896","$45,619 ","$44,890 ","$44,442","$44,299","$44,949","$45,538","$46,414 ","$46,738 ","$46,837","$47,322","$48,023","$48,267","$48,513","$49,469","$49,725","$53,340"
321,LEE ,"$23,934 ","$27,496 ","$28,944 ","$29,313 ","$29,684 ","$30,691 ","$31,607 ","$32,972 ","$33,388 ","$33,519 ","$34,197 ","$34,867 ","$35,716 ","$36,678","$38,267","$39,752 ","$41,640 ","$42,798 ","$46,672","$47,683","$48,049 ","$47,577 ","$47,355","$47,865","$48,463","$49,508","$50,444 ","$50,554 ","$50,401","$49,996","$49,391","$48,544","$46,683","$49,111","$49,034","$49,892"
325,LESLIE ,"$24,504 ","$27,963 ","$29,447 ","$30,073 ","$29,712 ","$30,978 ","$30,685 ","$32,589 ","$34,044 ","$35,115 ","$36,109 ","$37,222 ","$38,472 ","$39,997","$41,171","$42,463 ","$43,360 ","$44,632 ","$48,763","$48,791","$49,937 ","$48,416 ","$47,879","$48,083","$48,099","$49,686","$50,088 ","$49,485 ","$49,552","$49,729","$49,435","$49,946","$48,897","$48,665","$50,066","$51,199"
331,LETCHER ,"$24,681 ","$28,486 ","$30,326 ","$31,387 ","$31,040 ","$31,846 ","$32,767 ","$33,873 ","$34,411 ","$35,499 ","$36,211 ","$36,357 ","$37,353 ","$38,029","$39,744","$41,494 ","$43,539 ","$44,863 ","$49,019","$49,819","$49,696 ","$48,993 ","$48,937","$48,575","$48,298","$48,532","$49,424 ","$48,962 ","$48,978","$49,868","$49,600","$49,907","$50,803","$52,195","$53,800","$56,360"
335,LEWIS ,"$24,670 ","$27,659 ","$29,849 ","$29,450 ","$29,723 ","$30,503 ","$31,179 ","$32,083 ","$31,979 ","$32,909 ","$33,039 ","$34,792 ","$35,853 ","$36,341","$37,632","$38,532 ","$39,451 ","$40,008 ","$44,003","$44,444","$45,566 ","$45,948 ","$45,958","$46,492","$46,190","$46,563","$47,685 ","$48,010 ","$47,910","$47,788","$48,309","$48,473","$48,418","$49,347","$50,596","$52,053"
341,LINLN ,"$25,203 ","$27,499 ","$29,111 ","$29,925 ","$29,583 ","$29,991 ","$29,967 ","$30,875 ","$31,765 ","$32,788 ","$33,064 ","$33,433 ","$35,193 ","$36,098","$37,736","$39,183 ","$40,064 ","$41,080 ","$44,684","$45,759","$46,665 ","$46,145 ","$45,745","$46,035","$46,591","$47,246","$48,148 ","$47,950 ","$47,699","$47,906","$48,286","$48,602","$48,138","$50,045","$51,012","$53,902"
345,LIVINGSTON ,"$24,233 ","$26,989 ","$28,785 ","$28,936 ","$29,136 ","$30,850 ","$31,200 ","$31,616 ","$31,759 ","$33,119 ","$34,105 ","$33,761 ","$35,273 ","$36,108","$36,560","$39,100 ","$40,937 ","$41,897 ","$45,921","$46,574","$46,928 ","$46,845 ","$46,502","$46,788","$47,202","$47,233","$48,460 ","$49,345 ","$51,009","$51,554","$52,967","$53,129","$54,525","$55,617","$56,516","$58,688"
351,LOGAN ,"$24,765 ","$27,265 ","$28,888 ","$29,328 ","$29,910 ","$30,529 ","$31,082 ","$31,983 ","$32,562 ","$33,604 ","$34,471 ","$34,639 ","$35,613 ","$36,452","$38,022","$39,152 ","$40,765 ","$41,711 ","$44,589","$44,644","$45,590 ","$45,421 ","$45,525","$45,780","$45,969","$46,168","$47,499 ","$47,329 ","$47,714","$47,728","$48,055","$48,311","$47,943","$48,772","$51,220","$53,727"
354,LUDLOW,"$25,931 ","$29,403 ","$31,126 ","$31,642 ","$32,494 ","$33,187 ","$33,849 ","$35,104 ","$35,570 ","$36,724 ","$37,862 ","$38,980 ","$38,006 ","$39,890","$40,911","$43,709 ","$45,845 ","$47,421 ","$53,056","$52,163","$52,588 ","$51,588 ","$50,134","$51,199","$50,973","$52,421","$53,245 ","$55,889 ","$55,015","$56,065","$55,820","$58,193","$56,852","$57,336","$59,906","$62,492"
361,LYON ,"$25,110 ","$27,998 ","$28,834 ","$28,435 ","$29,394 ","$29,663 ","$30,568 ","$31,737 ","$32,434 ","$32,912 ","$34,267 ","$32,577 ","$34,177 ","$35,329","$37,487","$39,424 ","$40,414 ","$40,969 ","$44,806","$45,802","$47,528 ","$46,162 ","$46,496","$46,202","$46,740","$47,721","$48,237 ","$48,167 ","$48,561","$50,048","$51,280","$52,041","$53,024","$54,614","$54,501","$56,641"
365,MADISON ,"$25,699 ","$27,937 ","$30,820 ","$30,761 ","$31,450 ","$32,617 ","$33,413 ","$34,618 ","$35,803 ","$36,467 ","$37,424 ","$37,760 ","$38,462 ","$39,444","$40,809","$41,571 ","$42,565 ","$43,064 ","$46,832","$47,358","$48,574 ","$48,320 ","$48,338","$48,121","$48,308","$48,751","$49,987 ","$50,182 ","$50,616","$50,447","$50,984","$51,824","$53,199","$54,622","$56,668","$60,321"
371,MAGOFFIN ,"$24,209 ","$26,302 ","$28,881 ","$30,148 ","$30,703 ","$31,386 ","$33,148 ","$34,412 ","$34,524 ","$34,960 ","$34,661 ","$35,231 ","$36,070 ","$36,786","$38,701","$39,970 ","$41,892 ","$43,271 ","$46,905","$48,052","$48,543 ","$48,390 ","$50,513","$50,121","$49,054","$49,479","$49,688 ","$49,475 ","$49,408","$49,512","$49,842","$49,622","$48,666","$49,768","$50,076","$51,294"
375,MARION ,"$25,208 ","$27,889 ","$29,098 ","$29,285 ","$29,764 ","$30,916 ","$31,038 ","$31,845 ","$32,676 ","$34,048 ","$35,288 ","$36,316 ","$37,067 ","$37,990","$39,234","$40,697 ","$41,882 ","$43,376 ","$46,778","$47,679","$48,784 ","$48,347 ","$48,019","$49,009","$49,897","$49,865","$50,436 ","$50,916 ","$51,417","$51,808","$52,576","$53,015","$55,436","$56,373","$58,630","$61,831"
381,MARSHALL ,"$26,015 ","$28,579 ","$30,276 ","$30,424 ","$30,642 ","$31,833 ","$31,788 ","$32,981 ","$33,831 ","$34,303 ","$35,497 ","$36,556 ","$37,887 ","$39,475","$41,335","$42,230 ","$43,938 ","$44,762 ","$48,056","$48,745","$49,465 ","$48,249 ","$48,265","$48,465","$49,653","$50,193","$51,933 ","$51,787 ","$53,042","$52,999","$54,067","$55,941","$57,055","$58,695","$58,706","$60,651"
385,MARTIN ,"$23,393 ","$27,030 ","$29,795 ","$29,364 ","$29,846 ","$30,432 ","$30,964 ","$34,171 ","$34,414 ","$35,396 ","$36,004 ","$36,790 ","$38,104 ","$39,190","$40,735","$41,805 ","$42,815 ","$43,934 ","$47,627","$47,144","$46,950 ","$45,947 ","$46,410","$46,895","$46,888","$47,779","$47,221 ","$47,845 ","$47,445","$48,560","$48,698","$50,293","$49,052","$51,176","$51,415","$51,931"
391,MASON ,"$26,887 ","$29,812 ","$31,556 ","$33,367 ","$35,076 ","$36,771 ","$38,083 ","$39,031 ","$39,660 ","$40,702 ","$40,796 ","$40,056 ","$40,928 ","$42,227","$42,604","$43,872 ","$44,560 ","$45,350 ","$49,183","$49,766","$50,789 ","$49,646 ","$50,708","$50,760","$51,069","$51,772","$52,109 ","$52,921 ","$52,825","$52,983","$54,372","$55,482","$55,493","$56,149","$56,003","$58,985"
392,MAYFIELD,"$26,842 ","$29,526 ","$30,922 ","$30,632 ","$30,734 ","$31,946 ","$32,969 ","$32,921 ","$34,009 ","$35,354 ","$35,621 ","$37,064 ","$37,442 ","$36,167","$39,389","$40,939 ","$42,226 ","$43,227 ","$46,374","$46,971","$47,384 ","$44,487 ","$45,043","$46,512","$46,996","$47,412","$48,598 ","$47,908 ","$48,409","$49,099","$49,176","$52,129","$52,307","$53,392","$55,897","$57,112"
395,MCCRACKEN ,"$28,726 ","$31,564 ","$33,171 ","$33,267 ","$33,184 ","$34,481 ","$34,676 ","$35,427 ","$36,208 ","$37,478 ","$38,702 ","$40,391 ","$41,669 ","$43,165","$44,494","$45,810 ","$47,017 ","$48,056 ","$51,330","$52,186","$52,097 ","$51,104 ","$50,883","$50,450","$49,899","$50,939","$52,108 ","$52,313 ","$53,078","$53,854","$54,735","$56,040","$58,159","$59,597","$59,399","$60,760"
401,MCCREARY ,"$24,587 ","$27,498 ","$30,557 ","$31,646 ","$32,329 ","$32,325 ","$32,889 ","$33,688 ","$33,834 ","$35,690 ","$36,742 ","$37,341 ","$38,358 ","$39,490","$40,250","$42,294 ","$44,543 ","$45,681 ","$48,956","$49,691","$50,689 ","$50,078 ","$49,721","$50,994","$49,772","$50,415","$51,449 ","$50,300 ","$50,883","$51,005","$51,038","$50,831","$50,153","$50,865","$50,802","$52,069"
405,MCLEAN ,"$25,028 ","$27,813 ","$28,983 ","$29,498 ","$30,182 ","$30,996 ","$31,140 ","$31,643 ","$31,630 ","$32,386 ","$33,212 ","$33,600 ","$34,557 ","$36,023","$36,970","$37,517 ","$38,370 ","$38,789 ","$41,531","$41,251","$42,726 ","$42,018 ","$43,361","$43,088","$43,126","$43,349","$43,957 ","$44,082 ","$44,736","$44,534","$45,495","$47,297","$47,879","$50,531","$51,359","$53,633"
411,MEADE ,"$26,724 ","$29,004 ","$30,219 ","$29,852 ","$30,617 ","$31,471 ","$31,878 ","$32,669 ","$33,719 ","$34,181 ","$36,001 ","$37,116 ","$38,729 ","$39,815","$41,277","$41,598 ","$42,725 ","$43,399 ","$47,314","$48,225","$49,187 ","$48,016 ","$48,277","$48,583","$49,102","$50,317","$51,748 ","$52,136 ","$51,974","$51,905","$54,058","$55,966","$55,556","$56,096","$57,235","$60,766"
415,MENIFEE ,"$23,055 ","$25,210 ","$26,735 ","$27,116 ","$27,882 ","$28,965 ","$29,484 ","$30,241 ","$30,677 ","$32,047 ","$32,700 ","$33,753 ","$33,695 ","$35,022","$36,370","$37,492 ","$38,823 ","$40,195 ","$44,461","$44,850","$44,394 ","$45,131 ","$45,936","$46,279","$46,456","$46,541","$46,519 ","$45,644 ","$45,176","$44,697","$44,663","$45,071","$45,361","$47,615","$49,063","$51,467"
421,MERCER ,"$24,298 ","$26,796 ","$28,595 ","$28,696 ","$29,121 ","$29,780 ","$30,362 ","$31,356 ","$31,924 ","$33,058 ","$33,910 ","$34,747 ","$36,230 ","$36,916","$38,867","$40,062 ","$41,130 ","$44,023 ","$47,709","$48,125","$48,320 ","$49,018 ","$48,739","$48,924","$49,367","$50,114","$51,078 ","$51,876 ","$51,969","$52,134","$52,411","$52,693","$52,657","$54,678","$57,293","$61,402"
425,METCALFE ,"$24,712 ","$27,583 ","$29,208 ","$29,048 ","$30,254 ","$29,761 ","$30,246 ","$30,028 ","$30,287 ","$31,135 ","$32,139 ","$32,397 ","$33,551 ","$34,972","$35,900","$37,054 ","$38,248 ","$39,305 ","$43,113","$43,459","$43,303 ","$42,750 ","$42,610","$43,232","$45,980","$46,720","$48,097 ","$48,926 ","$48,994","$49,146","$49,614","$51,325","$51,330","$52,242","$52,358","$56,434"
426,MIDDLESBORO,"$26,429 ","$30,218 ","$33,343 ","$33,550 ","$33,647 ","$34,091 ","$35,464 ","$35,737 ","$35,585 ","$36,437 ","$37,187 ","$37,467 ","$38,185 ","$39,552","$40,573","$41,683 ","$42,275 ","$43,311 ","$47,276","$47,250","$47,920 ","$47,189 ","$47,682","$47,027","$48,737","$48,895","$48,854 ","$47,349 ","$48,268","$48,665","$48,183","$48,736","$48,459","$49,848","$51,671","$54,447"
431,MONROE ,"$25,117 ","$27,437 ","$28,809 ","$29,028 ","$28,815 ","$29,400 ","$29,808 ","$30,517 ","$31,243 ","$32,215 ","$32,971 ","$33,837 ","$35,164 ","$36,563","$37,737","$38,812 ","$39,245 ","$39,826 ","$44,177","$45,234","$45,617 ","$44,592 ","$45,029","$45,264","$44,849","$45,761","$46,153 ","$46,306 ","$46,221","$45,526","$45,991","$46,268","$47,791","$50,137","$52,982","$55,756"
435,MONTGOMERY ,"$25,408 ","$28,718 ","$29,838 ","$30,152 ","$30,665 ","$31,184 ","$31,334 ","$32,242 ","$33,546 ","$34,405 ","$36,060 ","$36,926 ","$37,361 ","$38,401","$39,273","$40,666 ","$41,536 ","$42,488 ","$46,186","$45,678","$46,964 ","$45,736 ","$46,012","$45,643","$45,916","$46,301","$47,567 ","$47,462 ","$48,258","$48,582","$49,807","$51,004","$51,044","$51,386","$52,475","$54,843"
436,MONTICELLO,"$24,225 ","$26,824 ","$28,373 ","$27,718 ","$29,232 ","$29,408 ","$30,653 ","$31,900 ","$32,399 ","$33,866 ","$33,695 ","$34,041 ","$34,752 ","$34,111","$35,978","$37,917 ","$39,401 ","$40,080 ","$43,455","$45,980","$47,335 ","$46,288 ","$45,585","$45,853",,,,,,,,,,,,
441,MORGAN ,"$25,576 ","$27,870 ","$30,031 ","$29,111 ","$29,402 ","$29,874 ","$29,949 ","$31,297 ","$30,928 ","$32,001 ","$32,799 ","$32,965 ","$34,340 ","$34,420","$36,102","$37,655 ","$38,841 ","$40,451 ","$44,268","$44,980","$45,965 ","$45,863 ","$46,802","$47,562","$48,024","$47,936","$49,118 ","$49,610 ","$49,366","$49,548","$50,135","$50,206","$49,573","$51,158","$52,100","$55,293"
445,MUHLENBERG ,"$26,908 ","$29,947 ","$31,438 ","$31,629 ","$32,018 ","$32,807 ","$33,362 ","$34,583 ","$35,178 ","$35,932 ","$36,666 ","$37,367 ","$37,838 ","$39,198","$40,396","$41,703 ","$43,826 ","$44,366 ","$48,134","$48,868","$49,686 ","$48,688 ","$49,233","$49,269","$50,087","$51,158","$47,147 ","$47,514 ","$50,768","$52,199","$53,131","$53,868","$53,923","$54,048","$55,028","$56,863"
446,MURRAY,"$26,380 ","$29,280 ","$31,236 ","$31,317 ","$31,549 ","$32,487 ","$31,973 ","$32,784 ","$33,058 ","$33,315 ","$34,205 ","$34,690 ","$35,812 ","$36,922","$37,428","$38,607 ","$39,293 ","$40,299 ","$44,531","$44,710","$46,480 ","$46,463 ","$46,886","$47,938","$48,544","$48,691","$50,204 ","$50,633 ","$50,626","$51,899","$52,171","$53,403","$53,729","$54,899","$56,446","$58,734"
451,NELSON ,"$25,519 ","$28,338 ","$29,831 ","$30,431 ","$30,954 ","$31,112 ","$32,060 ","$33,231 ","$33,035 ","$33,805 ","$35,327 ","$36,377 ","$37,501 ","$38,778","$40,175","$41,523 ","$43,875 ","$44,497 ","$49,272","$50,057","$50,797 ","$50,221 ","$50,879","$50,808","$50,536","$50,532","$51,073 ","$50,675 ","$51,214","$51,023","$50,462","$50,107","$50,158","$53,280","$55,887","$58,783"
452,NEWPORT,"$26,258 ","$29,097 ","$30,460 ","$30,986 ","$31,946 ","$32,561 ","$33,192 ","$35,017 ","$35,649 ","$36,909 ","$37,828 ","$39,487 ","$40,831 ","$41,167","$43,781","$44,813 ","$46,907 ","$48,307 ","$52,571","$52,893","$52,668 ","$50,367 ","$49,732","$50,332","$48,305","$47,777","$47,872 ","$47,964 ","$48,776","$49,659","$51,805","$52,936","$53,195","$57,021","$59,108","$61,860"
455,NICHOLAS ,"$25,684 ","$27,462 ","$29,101 ","$29,683 ","$30,393 ","$32,072 ","$32,328 ","$32,161 ","$33,502 ","$33,529 ","$34,795 ","$35,215 ","$36,255 ","$37,156","$38,257","$39,136 ","$39,618 ","$40,026 ","$43,160","$42,412","$43,771 ","$42,991 ","$43,057","$43,821","$44,647","$45,652","$46,291 ","$46,404 ","$47,370","$47,724","$46,791","$47,868","$47,480","$50,699","$48,812","$49,115"
461,OHIO ,"$25,072 ","$27,312 ","$29,292 ","$29,388 ","$29,548 ","$30,958 ","$31,509 ","$32,131 ","$32,727 ","$33,420 ","$33,860 ","$34,334 ","$35,910 ","$37,360","$39,396","$40,753 ","$41,851 ","$43,258 ","$46,055","$46,548","$47,036 ","$46,392 ","$46,535","$47,322","$47,929","$47,954","$48,778 ","$49,110 ","$48,790","$49,796","$49,944","$50,935","$50,568","$52,069","$53,805","$57,151"
465,OLDHAM ,"$25,952 ","$28,815 ","$30,330 ","$31,034 ","$31,344 ","$32,389 ","$32,900 ","$33,913 ","$35,123 ","$35,608 ","$36,717 ","$36,788 ","$38,492 ","$39,228","$39,817","$41,037 ","$41,421 ","$42,795 ","$45,808","$46,565","$48,087 ","$48,111 ","$48,796","$49,204","$49,507","$50,286","$51,661 ","$51,287 ","$51,752","$51,731","$51,588","$51,355","$51,817","$52,747","$53,201","$57,217"
471,OWEN ,"$23,121 ","$25,527 ","$27,574 ","$29,997 ","$31,819 ","$31,509 ","$31,786 ","$32,459 ","$32,443 ","$34,150 ","$34,542 ","$36,154 ","$37,948 ","$39,273","$40,291","$41,616 ","$42,621 ","$42,855 ","$46,664","$47,631","$48,544 ","$48,476 ","$47,662","$47,262","$47,296","$47,284","$46,803 ","$46,366 ","$46,300","$46,032","$46,839","$47,239","$49,283","$49,911","$50,121","$51,486"
472,OWENSBORO,"$28,359 ","$30,472 ","$31,795 ","$31,254 ","$31,618 ","$32,372 ","$32,012 ","$33,834 ","$33,768 ","$33,999 ","$34,467 ","$35,558 ","$36,809 ","$40,381","$40,629","$42,112 ","$43,202 ","$43,942 ","$47,928","$48,536","$48,865 ","$48,149 ","$47,992","$48,531","$48,582","$49,739","$50,547 ","$51,520 ","$52,159","$52,957","$53,668","$54,618","$54,764","$56,296","$57,867","$60,428"
475,OWSLEY ,"$25,949 ","$29,946 ","$31,427 ","$31,168 ","$31,512 ","$34,272 ","$33,643 ","$34,407 ","$34,311 ","$35,106 ","$34,820 ","$35,330 ","$36,466 ","$38,341","$40,216","$41,604 ","$40,558 ","$42,411 ","$45,594","$46,674","$47,130 ","$46,877 ","$47,143","$48,032","$49,014","$49,602","$51,775 ","$51,272 ","$49,945","$49,966","$49,776","$50,656","$53,560","$54,609","$53,218","$52,938"
476,PADUCAH,"$27,992 ","$30,744 ","$31,970 ","$32,354 ","$32,825 ","$32,374 ","$34,779 ","$35,227 ","$36,469 ","$37,386 ","$37,708 ","$39,509 ","$40,459 ","$41,295","$42,123","$43,281 ","$44,579 ","$45,293 ","$48,680","$49,303","$49,972 ","$50,053 ","$50,125","$50,307","$51,111","$52,461","$52,695 ","$53,127 ","$53,488","$53,388","$53,671","$53,625","$55,378","$57,140","$59,127","$61,086"
477,PAINTSVILLE,"$26,368 ","$29,143 ","$30,427 ","$31,015 ","$31,572 ","$32,082 ","$31,557 ","$32,463 ","$32,439 ","$34,320 ","$35,488 ","$36,367 ","$37,957 ","$38,660","$38,779","$38,746 ","$40,907 ","$42,767 ","$47,722","$47,928","$48,990 ","$47,477 ","$47,778","$48,706","$48,864","$50,577","$51,902 ","$51,649 ","$52,714","$52,974","$53,192","$55,444","$55,562","$54,586","$55,286","$56,078"
478,PARIS,"$24,559 ","$27,975 ","$29,223 ","$29,637 ","$31,021 ","$32,075 ","$33,119 ","$34,027 ","$33,634 ","$34,758 ","$34,298 ","$34,757 ","$35,192 ","$34,173","$34,173","$36,446 ","$37,529 ","$38,968 ","$42,777","$43,362","$44,345 ","$43,281 ","$42,741","$42,229","$42,122","$42,011","$43,841 ","$44,643 ","$45,370","$45,436","$44,844","$45,612","$45,982","$48,817","$51,405","$52,062"
481,PENDLETON ,"$23,978 ","$27,223 ","$28,838 ","$30,016 ","$30,724 ","$32,263 ","$32,307 ","$33,817 ","$33,766 ","$34,113 ","$34,543 ","$35,176 ","$35,346 ","$36,700","$38,232","$39,593 ","$40,607 ","$41,074 ","$44,840","$46,153","$46,663 ","$45,851 ","$47,491","$47,575","$48,838","$47,670","$48,535 ","$49,085 ","$49,517","$48,282","$47,552","$48,074","$46,789","$53,112","$53,767","$56,806"
485,PERRY ,"$23,479 ","$26,819 ","$30,084 ","$30,680 ","$30,761 ","$31,075 ","$31,989 ","$33,216 ","$33,308 ","$34,703 ","$35,937 ","$36,744 ","$37,685 ","$38,915","$41,017","$42,276 ","$43,506 ","$44,777 ","$49,083","$49,456","$50,337 ","$50,359 ","$49,921","$50,305","$49,913","$50,454","$51,060 ","$49,805 ","$49,982","$49,686","$49,616","$50,339","$52,275","$53,346","$54,721","$57,403"
491,PIKE ,"$24,536 ","$29,292 ","$31,976 ","$33,096 ","$33,012 ","$33,275 ","$34,491 ","$35,779 ","$36,685 ","$36,612 ","$37,438 ","$38,178 ","$39,114 ","$40,374","$41,039","$42,488 ","$43,709 ","$44,778 ","$49,261","$50,198","$51,160 ","$50,868 ","$51,078","$51,217","$51,006","$51,498","$52,878 ","$52,509 ","$52,731","$52,106","$51,974","$52,230","$51,952","$53,438","$53,094","$55,122"
492,PIKEVILLE,"$27,617 ","$30,602 ","$33,181 ","$34,872 ","$36,410 ","$37,650 ","$38,107 ","$39,239 ","$38,867 ","$39,599 ","$40,450 ","$41,665 ","$43,068 ","$44,082","$46,454","$48,099 ","$49,645 ","$51,057 ","$55,255","$54,623","$55,276 ","$54,277 ","$55,485","$55,610","$55,553","$56,397","$58,131 ","$58,400 ","$58,179","$57,361","$58,555","$58,903","$59,639","$62,159","$62,462","$66,515"
493,PINEVILLE,"$25,090 ","$28,776 ","$30,273 ","$31,385 ","$30,429 ","$31,588 ","$30,668 ","$32,352 ","$32,117 ","$34,599 ","$35,406 ","$36,415 ","$38,061 ","$40,360","$41,673","$42,908 ","$41,092 ","$40,804 ","$45,044","$45,214","$45,266 ","$46,336 ","$46,821","$47,235","$47,235","$49,027","$44,629 ","$45,345 ","$42,788","$43,407","$45,120","$47,712","$50,279","$51,566","$51,699","$53,603"
495,POWELL ,"$24,537 ","$26,300 ","$29,098 ","$29,442 ","$29,669 ","$30,404 ","$31,165 ","$31,866 ","$32,478 ","$32,711 ","$33,621 ","$34,774 ","$35,802 ","$37,069","$37,924","$39,119 ","$40,484 ","$40,886 ","$44,801","$46,167","$46,602 ","$46,233 ","$46,133","$46,262","$46,215","$45,919","$47,751 ","$47,959 ","$46,994","$47,312","$47,170","$47,806","$46,771","$48,416","$50,868","$52,108"
496,PROVIDENCE,"$24,687 ","$26,423 ","$27,629 ","$28,314 ","$29,240 ","$29,492 ","$29,642 ","$30,741 ","$30,119 ","$33,033 ","$33,627 ","$33,307 ","$35,257 ","$35,171","$34,457","$36,560 ","$36,902 ","$37,325 ", ,,,,,,,,,,,,,,,,,
501,PULASKI ,"$24,447 ","$27,001 ","$29,287 ","$29,046 ","$30,146 ","$30,955 ","$31,076 ","$32,217 ","$32,725 ","$32,797 ","$34,034 ","$35,098 ","$35,891 ","$37,240","$38,783","$39,520 ","$41,089 ","$41,462 ","$44,770","$45,634","$46,708 ","$46,364 ","$46,770","$47,164","$47,141","$47,675","$48,778 ","$49,264 ","$49,511","$49,607","$49,703","$49,854","$49,763","$50,077","$51,254","$53,748"
502,RACELAND,"$27,634 ","$29,996 ","$32,013 ","$31,484 ","$31,542 ","$31,454 ","$32,419 ","$33,087 ","$33,625 ","$34,543 ","$35,020 ","$36,275 ","$37,371 ","$38,505","$39,801","$41,393 ","$43,598 ","$44,099 ","$48,977","$50,150","$51,264 ","$49,303 ","$50,453","$50,536","$50,640","$50,012","$50,635 ","$50,839 ","$51,266","$51,222","$50,634","$50,683","$52,648","$54,842","$54,052","$56,463"
505,ROBERTSON ,"$26,316 ","$28,626 ","$28,241 ","$28,361 ","$28,997 ","$30,864 ","$31,460 ","$31,916 ","$30,623 ","$30,969 ","$32,087 ","$32,932 ","$33,396 ","$34,818","$35,233","$36,236 ","$37,318 ","$39,088 ","$43,105","$44,569","$45,581 ","$44,951 ","$45,468","$45,402","$47,481","$46,017","$47,140 ","$48,703 ","$47,007","$46,315","$46,392","$46,255","$46,688","$49,576","$48,041","$49,955"
511,ROCKCASTLE ,"$24,161 ","$26,797 ","$29,514 ","$30,009 ","$30,662 ","$31,265 ","$31,742 ","$32,908 ","$33,472 ","$34,265 ","$34,691 ","$35,565 ","$37,504 ","$39,487","$40,598","$42,758 ","$43,789 ","$44,734 ","$48,750","$49,673","$50,529 ","$49,508 ","$49,452","$49,170","$48,992","$49,652","$50,561 ","$49,906 ","$50,851","$51,006","$51,062","$52,345","$53,688","$53,965","$52,431","$54,540"
515,ROWAN ,"$25,333 ","$27,784 ","$29,373 ","$29,490 ","$29,852 ","$30,341 ","$30,761 ","$31,543 ","$33,172 ","$34,059 ","$35,343 ","$36,439 ","$38,170 ","$38,346","$39,575","$40,851 ","$41,586 ","$42,710 ","$47,061","$47,100","$47,171 ","$46,630 ","$47,597","$48,371","$48,405","$49,060","$49,685 ","$49,738 ","$50,330","$50,272","$50,882","$50,889","$51,443","$51,403","$51,316","$53,364"
521,RUSSELL ,"$24,788 ","$27,371 ","$30,214 ","$29,903 ","$30,571 ","$31,203 ","$32,408 ","$32,734 ","$33,164 ","$33,758 ","$33,676 ","$34,367 ","$34,694 ","$35,755","$37,240","$39,119 ","$40,501 ","$41,804 ","$45,679","$46,954","$48,396 ","$48,189 ","$48,132","$47,782","$48,077","$48,158","$48,512 ","$49,903 ","$49,225","$49,516","$49,263","$50,332","$50,350","$52,680","$52,457","$53,946"
522,RUSSELL,"$29,310 ","$32,284 ","$34,530 ","$35,440 ","$35,052 ","$35,644 ","$36,719 ","$37,355 ","$38,085 ","$38,303 ","$39,413 ","$40,052 ","$40,821 ","$40,844","$42,040","$43,520 ","$44,815 ","$46,434 ","$50,063","$50,399","$50,988 ","$50,555 ","$50,901","$52,016","$53,202","$53,552","$55,097 ","$54,736 ","$54,504","$55,403","$55,334","$56,666","$56,074","$57,079","$58,191","$58,568"
523,RUSSELLVILLE,"$25,152 ","$28,545 ","$29,807 ","$30,106 ","$30,172 ","$31,399 ","$31,314 ","$32,779 ","$33,312 ","$33,179 ","$35,497 ","$36,933 ","$37,797 ","$38,267","$40,471","$41,141 ","$40,645 ","$40,525 ","$46,168","$44,991","$45,226 ","$44,744 ","$44,799","$43,439","$43,716","$42,658","$43,993 ","$43,455 ","$44,319","$44,898","$45,419","$43,419","$44,109","$44,812","$45,430","$48,945"
524,SCIENCE HILL,"$21,718 ","$25,527 ","$27,600 ","$27,243 ","$27,418 ","$28,983 ","$30,498 ","$30,627 ","$32,620 ","$33,686 ","$36,356 ","$36,759 ","$37,732 ","$39,141","$40,874","$43,112 ","$44,469 ","$45,076 ","$50,068","$50,981","$51,719 ","$48,521 ","$48,965","$50,525","$50,069","$49,470","$53,488 ","$52,579 ","$53,501","$52,705","$53,189","$51,939","$52,107","$51,898","$54,564","$53,469"
525,STT ,"$25,330 ","$28,241 ","$29,825 ","$30,079 ","$31,327 ","$32,210 ","$32,689 ","$33,260 ","$34,028 ","$34,883 ","$35,920 ","$37,214 ","$38,190 ","$39,756","$40,876","$42,568 ","$43,832 ","$44,757 ","$48,242","$48,846","$50,120 ","$49,187 ","$49,696","$49,298","$49,802","$50,228","$50,877 ","$50,822 ","$51,401","$51,748","$51,430","$53,713","$53,391","$53,764","$54,861","$60,206"
531,SHELBY ,"$25,165 ","$27,910 ","$30,193 ","$31,000 ","$31,760 ","$32,653 ","$33,539 ","$34,713 ","$34,967 ","$35,633 ","$36,982 ","$38,531 ","$40,465 ","$40,789","$42,214","$43,543 ","$44,176 ","$44,947 ","$48,369","$49,612","$48,594 ","$47,997 ","$48,737","$48,426","$49,841","$50,233","$51,678 ","$51,568 ","$50,995","$52,175","$51,328","$51,672","$50,984","$53,229","$54,930","$57,491"
533,SILVER GROVE,"$24,035 ","$24,868 ","$25,932 ","$26,932 ","$27,830 ","$28,431 ","$28,753 ","$29,809 ","$29,218 ","$29,736 ","$30,945 ","$30,421 ","$31,825 ","$34,383","$35,572","$37,481 ","$40,060 ","$40,913 ","$42,932","$43,330","$43,933 ","$44,552 ","$44,915","$45,437","$45,830","$48,429","$47,661 ","$47,208 ","$46,556","$45,670",,,,,,
535,SIMPSON ,"$25,487 ","$27,959 ","$30,257 ","$30,599 ","$31,085 ","$30,624 ","$31,733 ","$32,452 ","$33,161 ","$33,942 ","$34,412 ","$35,309 ","$36,129 ","$37,141","$37,914","$38,981 ","$40,373 ","$40,228 ","$44,020","$44,041","$45,285 ","$45,010 ","$45,916","$46,211","$46,818","$47,708","$48,398 ","$48,321 ","$49,026","$50,004","$50,782","$51,516","$53,016","$54,704","$56,919","$60,341"
536,SOMERSET,"$25,541 ","$28,668 ","$30,401 ","$30,522 ","$31,167 ","$32,562 ","$33,031 ","$34,643 ","$35,307 ","$36,617 ","$35,994 ","$37,118 ","$37,804 ","$38,903","$40,130","$42,823 ","$43,854 ","$44,866 ","$48,821","$49,936","$50,957 ","$49,599 ","$49,454","$49,150","$49,878","$49,716","$49,466 ","$50,257 ","$51,536","$51,604","$52,812","$54,037","$54,427","$56,061","$55,728","$57,258"
537,SOUTHGATE,"$25,036 ","$25,656 ","$27,882 ","$29,089 ","$30,571 ","$28,754 ","$29,513 ","$29,217 ","$29,162 ","$30,599 ","$30,264 ","$29,839 ","$31,086 ","$31,315","$33,633","$34,325 ","$36,064 ","$39,202 ","$42,022","$43,321","$41,880 ","$42,135 ","$44,144","$46,356","$46,858","$45,278","$45,465 ","$48,788 ","$49,347","$51,324","$49,053","$49,394","$46,981","$48,049","$48,631","$46,797"
541,SPENCER ,"$24,997 ","$27,834 ","$30,177 ","$30,655 ","$32,129 ","$32,355 ","$33,345 ","$34,499 ","$34,874 ","$36,114 ","$36,262 ","$37,599 ","$37,885 ","$39,288","$40,953","$41,259 ","$41,090 ","$41,744 ","$45,001","$46,924","$48,602 ","$49,038 ","$49,159","$48,820","$49,041","$50,009","$51,479 ","$52,167 ","$53,064","$53,895","$54,569","$55,233","$54,992","$57,030","$58,457","$61,083"
545,TAYLOR ,"$25,388 ","$27,695 ","$28,655 ","$28,140 ","$29,221 ","$29,774 ","$30,053 ","$31,067 ","$31,900 ","$32,724 ","$33,862 ","$35,371 ","$36,743 ","$37,476","$39,152","$40,886 ","$42,869 ","$44,083 ","$47,732","$48,456","$49,690 ","$48,655 ","$49,007","$48,929","$49,224","$49,787","$50,933 ","$51,412 ","$50,532","$50,296","$50,557","$52,085","$51,456","$51,192","$52,397","$57,693"
551,TODD ,"$24,912 ","$27,142 ","$28,180 ","$27,852 ","$28,346 ","$29,556 ","$30,183 ","$30,485 ","$30,780 ","$32,226 ","$33,154 ","$34,452 ","$35,714 ","$36,611","$38,137","$39,084 ","$40,755 ","$41,049 ","$44,460","$45,391","$45,516 ","$45,785 ","$45,471","$45,517","$45,601","$46,098","$47,126 ","$46,353 ","$46,918","$46,852","$46,931","$46,611","$47,753","$48,753","$48,850","$49,281"
555,TRIGG ,"$26,651 ","$29,197 ","$30,634 ","$30,221 ","$31,157 ","$29,771 ","$32,274 ","$33,199 ","$33,595 ","$34,518 ","$34,657 ","$36,066 ","$36,174 ","$37,277","$38,351","$38,373 ","$39,808 ","$41,336 ","$44,585","$45,768","$46,329 ","$45,896 ","$46,215","$46,790","$47,524","$48,451","$49,479 ","$49,789 ","$50,851","$51,499","$53,061","$53,536","$52,656","$53,341","$52,937","$55,949"
561,TRIMBLE ,"$24,011 ","$26,645 ","$28,367 ","$30,040 ","$30,718 ","$31,816 ","$32,937 ","$33,243 ","$33,548 ","$34,932 ","$36,362 ","$37,595 ","$38,119 ","$39,687","$40,228","$41,530 ","$43,152 ","$43,652 ","$46,565","$46,688","$47,873 ","$46,379 ","$46,988","$47,463","$47,670","$49,180","$49,842 ","$51,328 ","$51,083","$51,220","$50,426","$49,946","$50,359","$51,842","$50,318","$52,465"
565,UNION ,"$26,622 ","$29,646 ","$30,887 ","$31,653 ","$31,851 ","$32,928 ","$32,755 ","$33,850 ","$33,322 ","$34,537 ","$35,051 ","$36,961 ","$37,991 ","$38,619","$39,909","$40,742 ","$40,950 ","$41,663 ","$44,829","$44,633","$42,732 ","$41,031 ","$41,262","$42,268","$42,703","$43,643","$45,655 ","$45,761 ","$46,406","$46,310","$47,192","$48,575","$49,833","$50,223","$51,289","$54,031"
567,WALTON VERONA,"$26,881 ","$29,694 ","$31,133 ","$31,873 ","$32,924 ","$34,283 ","$35,430 ","$35,058 ","$35,390 ","$36,734 ","$37,870 ","$38,952 ","$40,428 ","$42,750","$43,428","$43,835 ","$45,722 ","$46,396 ","$49,411","$49,247","$50,151 ","$48,302 ","$48,522","$48,858","$49,774","$49,658","$50,397 ","$51,021 ","$51,196","$51,658","$52,850","$53,748","$56,327","$56,798","$57,812","$58,597"
571,WARREN ,"$24,836 ","$27,271 ","$29,321 ","$29,359 ","$29,971 ","$31,038 ","$31,797 ","$32,657 ","$33,654 ","$34,138 ","$34,953 ","$35,680 ","$36,812 ","$37,660","$39,120","$39,914 ","$41,341 ","$41,964 ","$45,275","$45,494","$46,199 ","$45,348 ","$45,486","$45,792","$46,282","$46,738","$47,543 ","$47,685 ","$48,744","$49,891","$49,990","$50,559","$51,460","$53,012","$55,486","$59,379"
575,WASHINGTON ,"$25,542 ","$29,548 ","$30,636 ","$31,221 ","$32,058 ","$32,522 ","$32,767 ","$33,386 ","$34,155 ","$34,666 ","$34,715 ","$35,374 ","$36,735 ","$37,597","$39,813","$39,524 ","$41,353 ","$42,445 ","$44,917","$45,022","$46,285 ","$47,041 ","$47,415","$47,881","$48,161","$48,240","$48,939 ","$48,269 ","$50,752","$51,929","$52,720","$52,913","$53,958","$58,131","$57,916","$62,868"
581,WAYNE ,"$24,916 ","$27,100 ","$29,521 ","$30,108 ","$30,409 ","$30,880 ","$32,230 ","$32,498 ","$33,191 ","$34,123 ","$34,692 ","$35,283 ","$36,708 ","$38,003","$39,789","$40,872 ","$42,685 ","$43,817 ","$46,989","$47,969","$49,096 ","$48,307 ","$47,917","$49,031","$48,127","$48,907","$50,229 ","$50,351 ","$50,252","$49,618","$49,848","$50,482","$49,398","$49,325","$50,012","$51,424"
585,WEBSTER ,"$25,641 ","$28,546 ","$29,580 ","$29,722 ","$29,956 ","$30,480 ","$31,001 ","$32,478 ","$33,900 ","$34,312 ","$34,462 ","$35,330 ","$35,462 ","$36,730","$36,587","$37,796 ","$38,676 ","$39,759 ","$42,137","$42,741","$43,592 ","$43,457 ","$44,014","$44,077","$44,008","$44,704","$45,641 ","$45,339 ","$45,804","$45,778","$45,496","$46,912","$46,592","$47,492","$48,706","$51,318"
586,WEST POINT,"$24,890 ","$27,325 ","$28,788 ","$28,499 ","$29,524 ","$30,234 ","$31,687 ","$32,596 ","$31,678 ","$28,898 ","$28,908 ","$32,355 ","$32,186 ","$31,774","$29,047","$32,610 ","$32,970 ","$33,967 ","$36,943","$37,685","$39,756 ","$39,182 ","$39,965","$39,616","$40,740","$40,859","$41,982 ","$43,036 ","$43,968","$43,408","$44,333", , ,,,
591,WHITLEY ,"$24,780 ","$28,364 ","$29,823 ","$30,432 ","$30,692 ","$32,007 ","$32,248 ","$33,533 ","$33,440 ","$34,189 ","$35,161 ","$36,121 ","$37,492 ","$38,221","$39,339","$40,179 ","$41,606 ","$42,377 ","$45,865","$46,344","$47,265 ","$48,089 ","$47,956","$48,413","$48,915","$49,827","$51,104 ","$51,724 ","$52,071","$52,429","$52,398","$53,120","$53,124","$53,964","$54,922","$57,949"
592,WILLIAMSBURG,"$24,550 ","$28,318 ","$30,403 ","$31,718 ","$32,273 ","$32,940 ","$33,259 ","$34,300 ","$33,238 ","$34,777 ","$36,081 ","$36,163 ","$37,835 ","$36,864","$38,488","$39,883 ","$40,685 ","$40,968 ","$45,250","$45,173","$44,662 ","$44,087 ","$42,985","$43,367","$45,285","$44,076","$44,935 ","$45,144 ","$45,842","$45,540","$45,270","$45,446","$45,600","$47,211","$47,300","$49,984"
593,WILLIAMSTOWN,"$24,483 ","$26,630 ","$28,811 ","$29,296 ","$30,071 ","$30,052 ","$30,822 ","$32,025 ","$33,400 ","$33,625 ","$35,435 ","$34,958 ","$35,645 ","$35,691","$36,137","$38,208 ","$40,013 ","$41,627 ","$44,101","$43,401","$44,227 ","$45,146 ","$45,642","$45,607","$45,918","$45,291","$45,962 ","$45,737 ","$46,170","$45,716","$46,953","$45,938","$46,057","$44,787","$48,953","$51,031"
595,WOLFE ,"$25,299 ","$27,977 ","$30,143 ","$31,041 ","$31,280 ","$32,274 ","$31,703 ","$31,493 ","$31,685 ","$31,413 ","$31,702 ","$32,295 ","$33,429 ","$34,554","$37,025","$38,276 ","$39,982 ","$42,433 ","$46,324","$46,734","$46,801 ","$46,449 ","$47,287","$47,796","$48,672","$49,779","$51,086 ","$51,328 ","$51,446","$51,911","$52,578","$52,116","$52,260","$54,913","$55,267","$56,993"
601,WOODFORD ,"$25,450 ","$27,883 ","$30,627 ","$30,625 ","$30,988 ","$31,304 ","$31,292 ","$32,639 ","$33,570 ","$33,806 ","$34,677 ","$34,909 ","$35,979 ","$37,939","$40,393","$41,720 ","$42,804 ","$43,914 ","$46,781","$47,629","$48,287 ","$47,213 ","$49,214","$49,602","$49,518","$49,755","$50,675 ","$51,762 ","$52,324","$52,618","$52,650","$53,038","$54,266","$54,910","$56,411","$57,866"
,State Average by District salary,"$25,385","$28,136","$29,895","$30,201","$30,718","$31,459","$32,008","$32,948","$33,491","$34,397","$35,173","$36,002","$37,020","$37,953","$39,217","$40,463","$41,693","$42,716","$46,417","$47,007","$47,617","$47,000","$47,266","$47,537","$47,839","$48,385","$49,253","$49,351","$49,650","$49,936","$50,308","$51,122","$51,533","$52,838","$53,947","$56,153"
,,,,,,,,,,,,,,,,,,,,,,,,,,,,,,,,,,,,,
,,,,,,,,,,,,,,,,,,,,,,,,,,,,,,,,,,,,,
Kentucky Department of Education,,,,,,,,,,,,,,,,,,,,,,,,,,,,,,,,,,,,,
Office of Finance and Operations,,,,,,,,,,,,,,,,,,,,,,,,,,,,,,,,,,,,,
Division of District Support,,,,,,,,,,,,,,,,,,,,,,,,,,,,,,,,,,,,,
District Funding & Reporting Branch Source:  Professional Staff Data,,,,,,,,,,,,,,,,,,,,,,,,,,,,,,,,,,,,,
"Date: December 13, 2024",,,,,,,,,,,,,,,,,,,,,,,,,,,,,,,,,,,,,
Restricted to Teachers with,,,,,,,,,,,,,,,,,,,,,,,,,,,,,,,,,,,,,
"Jobclass Codes:  2010, 2025, 2030, 2040, 2050, 2060, 2070, 2080, 2090, 2095, 2096, 2099, 2100,  2211",,,,,,,,,,,,,,,,,,,,,,,,,,,,,,,,,,,,,
and teachers with jobclass codes starting with a 5.,,,,,,,,,,,,,,,,,,,,,,,,,,,,,,,,,,,,,
"Annual Salary with expenditures object codes 0110, 0111, 0112",,,,,,,,,,,,,,,,,,,,,,,,,,,,,,,,,,,,,
State Average by District Salary: Each fiscal year column is averaged individually.,,,,,,,,,,,,,,,,,,,,,,,,,,,,,,,,,,,,,
 ,,,,,,,,,,,,,,,,,,,,,,,,,,,,,,,,,,,,,
 ,,,,,,,,,,,,,,,,,,,,,,,,,,,,,,,,,,,,,
 ,,,,,,,,,,,,,,,,,,,,,,,,,,,,,,,,,,,,,